,omega1,omega2,omega3,omega4,omega5,omega6,omega7,omega8,omega9,omega10,K
0,0.43291085918241734,1.2639978844360726,-1.1730229177336047,0.16949401066647818,1.471911539085812,0.3427484869764372,0.6826808946780512,0.8637984929202176,0.02234626592202482,-0.6601890486366115,1
