,omega1,omega2,omega3,omega4,omega5,omega6,omega7,omega8,omega9,omega10,omega11,K
0,0.2839200824760799,0.08852767258836924,-0.49238722232706333,1.112663071499985,-0.43040178098101745,-0.05163556844290573,0.8215315626112436,0.9858898713847961,1.2266566994517234,0.47597243829708624,-0.7774407728875806,1
