,omega1,omega2,omega3,omega4,omega5,omega6,omega7,omega8,omega9,omega10,omega11,omega12,K
0,1.0913029199074438,1.2858437763228454,0.6746370412247638,0.8386730026960336,0.04265959939692543,-0.020477133747496712,0.25976105342336386,-1.1083895249500217,0.5528439183031324,1.1351864246962746,-1.053361615713197,0.7975782151055886,1
