,omega1,omega2,omega3,omega4,omega5,omega6,omega7,omega8,omega9,omega10,omega11,omega12,omega13,K
0,0.64774004613137,-1.1906536063125939,-1.4114537264538474,0.29959337827637156,-0.8823268813891423,-0.5973466795302097,0.38067743456386327,0.4738480558357101,0.7814683143248509,0.21429880502935061,-0.5223189027673829,-1.5314407246392305,-1.2125607517040258,1
