,omega1,omega2,omega3,omega4,omega5,omega6,omega7,omega8,omega9,omega10,omega11,omega12,omega13,omega14,K
0,-0.9650082039212586,0.07942954951826997,0.6914843606297674,-0.9137458171353176,-0.346062032192644,1.3710437834545877,-0.3122445401704439,0.669815958743428,0.37222967403172347,0.5018200288270211,-0.07316465424880825,0.1416476173988166,0.6309396783797245,-1.0646007590077002,1
