,omega1,omega2,omega3,omega4,omega5,omega6,omega7,omega8,omega9,omega10,omega11,omega12,omega13,omega14,omega15,K
0,0.9385629353992577,1.1714251157755462,-1.422825323084156,-0.9483777719818552,-0.7891854790686765,-1.2744189538308035,-1.1310386063136735,0.4443307527388325,-1.1843491893173184,-1.3609365926534893,1.4006216610759177,-0.3078081215182691,0.12732523715139554,-0.08128711445303916,-0.4911401571553671,1
