,omega1,omega2,omega3,omega4,omega5,omega6,omega7,omega8,omega9,omega10,omega11,omega12,omega13,omega14,omega15,omega16,K
0,-0.14382856931870736,-0.9606909855724369,0.25050093652788874,-0.7815705279430081,-1.1142262458178063,-0.9152056973911046,-0.2741958573061307,1.3519870376945162,0.30748935297590707,1.5103716070934006,-0.31169171699072873,-0.7524957350982536,0.6618484608328692,-0.9723884874009738,1.5647137251898071,-0.343871956531975,1
