,omega1,omega2,omega3,omega4,omega5,omega6,omega7,omega8,omega9,omega10,omega11,omega12,omega13,omega14,omega15,omega16,omega17,K
0,-0.718145689218438,-0.7185644163135648,-0.6142872588751102,1.371961300443035,1.5462327343518574,0.18352132443606095,-0.8420166414570363,-1.5401958571596839,-1.3194771307315065,-0.6346647572591853,0.4485390796777722,0.3969756482143343,1.1100231280027093,1.0086132136850705,-0.4630376031732346,0.5460662142912156,-0.17489201943442234,1
