,omega1,omega2,omega3,omega4,omega5,omega6,omega7,omega8,omega9,omega10,omega11,omega12,omega13,omega14,omega15,omega16,omega17,omega18,K
0,0.7169371029164564,-0.9918929848470595,1.4970129202026712,-1.4990505947625612,0.3695705774791118,-0.4634935298561558,0.9448309443705893,-1.1195057572396632,1.2280923580326388,-1.5606811334621977,0.7389325617695719,0.6392047412708681,0.023082960626023663,-1.0226251842906613,-0.37022831525812583,-0.16759476961026643,-0.902963950192185,-1.0650476734191812,1
