,omega1,omega2,omega3,omega4,omega5,omega6,omega7,omega8,omega9,omega10,omega11,omega12,omega13,omega14,omega15,omega16,omega17,omega18,omega19,K
0,1.0758268324906877,0.15582038847322655,-0.720071800625291,0.3940180827545141,0.41769311306451207,-1.1433429358178897,0.26578232128542467,0.2651140988965144,-1.2219378418134796,-0.625816736561865,1.141001671161268,0.24831631436352275,-0.8699511290187079,-0.33449718309491927,-0.1307096839356332,0.6542895808246341,1.1333100892581833,-1.296086853068383,-1.4242025279212749,1
