,omega1,omega2,omega3,omega4,omega5,omega6,omega7,omega8,omega9,omega10,omega11,omega12,omega13,omega14,omega15,omega16,omega17,omega18,omega19,omega20,K
0,-0.18367787514432266,-1.508005622543473,-1.0860092559324448,-1.2370909336526017,-1.2927287369232734,0.3936905345865156,-1.2708700663399968,0.2094194578101194,1.4644468203972592,-1.1295033907628316,0.8135983917638381,0.26452978933800697,-1.0360899160419863,1.4132404091407218,0.7436200216905711,-0.3788055095910341,1.2201988507415789,-1.2436418584185909,1.048408164305744,1.075844943337008,1
