,omega1,omega2,omega3,omega4,omega5,omega6,omega7,omega8,omega9,omega10,omega11,omega12,omega13,omega14,omega15,omega16,omega17,omega18,omega19,omega20,omega21,K
0,-1.2063593085969035,1.3049075224553999,0.8922896427670524,1.3025762383830153,-0.6863477668238319,0.7489507126733765,0.8786845855410461,-0.4765894933196577,-1.4607543200864568,-1.5261992053692002,0.020764638455233353,0.1508215193287854,-1.1780908908960717,0.4113804258584066,-1.4070852668617917,-0.06886581878842879,0.033373338954592935,-0.9313628045024711,-1.421522975835795,1.2661529917674197,1.1072299005564967,1
