,omega1,omega2,omega3,omega4,omega5,omega6,omega7,omega8,omega9,omega10,omega11,omega12,omega13,omega14,omega15,omega16,omega17,omega18,omega19,omega20,omega21,omega22,K
0,0.27685828238752563,-1.478566513591699,0.07958462831379731,1.454509947410981,0.8389438934342661,0.5922487894069328,-1.4464440082068877,0.2461163451850692,-0.839831040433654,1.5284358530880433,-1.53641259979613,-0.8710196603009045,1.1936998005752848,-1.1934827983697656,-0.6281415128614317,-0.6082002728564097,1.1989711636285425,0.6164631090228689,1.3632480572454284,-0.9676218298743852,-1.2934936473309877,-0.49242757418729877,1
