,omega1,omega2,omega3,omega4,omega5,omega6,omega7,omega8,omega9,omega10,omega11,omega12,omega13,omega14,omega15,omega16,omega17,omega18,omega19,omega20,omega21,omega22,omega23,K
0,0.8360621681314044,0.3741691563243992,1.3669627122054213,0.6687332887048552,-1.3135021316603812,-0.5808924773185631,-0.9308161454401112,-0.7297552397462291,0.5231760923938755,-0.17700227532183432,0.8060719088100599,-1.520742310747264,1.2841733535503743,-1.0609906183888205,0.7623306276842352,1.0818865219319367,-1.4383137204213408,0.13308255745938458,1.4923992807379132,-1.5478175566739183,-0.008878600544824478,-0.23470332083520673,-0.3722556288477439,1
