,omega1,omega2,omega3,omega4,omega5,omega6,omega7,omega8,omega9,omega10,omega11,omega12,omega13,omega14,omega15,omega16,omega17,omega18,omega19,omega20,omega21,omega22,omega23,omega24,K
0,-0.9600815964099618,-1.0041354955332986,-0.7352614503737844,-0.8874472803538007,-0.6474021449110647,1.2623907465553876,1.4106178542458667,-0.754557103887694,-1.4843288397120886,-0.734738755889871,1.1202244755109136,-1.0177560388418092,0.5088968019363174,-1.2791118152454977,-0.46365360179770176,-1.0382675843231195,0.3658029108445431,-0.4075940170353589,0.8602707240906042,0.05713046758257789,-0.30231871659104304,-1.503279510023994,1.0638104411953653,-1.4480713505074494,1
