,omega1,omega2,omega3,omega4,omega5,omega6,omega7,omega8,omega9,omega10,omega11,omega12,omega13,omega14,omega15,omega16,omega17,omega18,omega19,omega20,omega21,omega22,omega23,omega24,omega25,K
0,-0.0034163795872708125,1.532609508151046,0.9129336077845203,-0.45388369834037134,1.3503754088709679,-0.7595318810636894,0.25615621738204597,0.23663829582193197,0.6941558654378892,-0.6641918302186132,-0.32149683729094725,-0.5512112843427075,1.3155146906197834,0.7474969329111567,-0.5029640977852263,0.8602038450529341,0.36986162927116806,-0.7951590860278157,-0.002835141213760828,-1.2641306490906925,-0.9066220817776807,-1.3288215954264142,-1.3171199179737407,0.3628221935064935,1.0363868350111032,1
