,omega1,omega2,omega3,omega4,omega5,omega6,omega7,omega8,omega9,omega10,omega11,omega12,omega13,omega14,omega15,omega16,omega17,omega18,omega19,omega20,omega21,omega22,omega23,omega24,omega25,omega26,K
0,1.0513960749605822,-0.8822739107181072,1.4066832494035348,-0.5184226030129875,0.6011739908533689,0.3001021317196011,-0.07488295313182913,0.5952011256650498,1.2279260070507978,0.6155937058213095,0.028645838671881307,1.1354340741381654,0.7730176201338548,-0.39451896796564556,1.5048109792694078,-0.3034322082485732,-1.4464504433657468,1.4565370007587934,1.3906274810440107,0.11104109324175271,0.7865672334489044,0.6157983458708118,-1.2609249322814333,0.9288634561959692,0.4018899622192469,1.4620161476778062,1
