,omega1,omega2,omega3,omega4,omega5,omega6,omega7,omega8,omega9,omega10,omega11,omega12,omega13,omega14,omega15,omega16,omega17,omega18,omega19,omega20,omega21,omega22,omega23,omega24,omega25,omega26,omega27,K
0,-0.06553253810936521,-0.6979520189519778,0.8472930248246291,0.16636053209150647,1.1704139029345795,-1.4364702876970372,0.5794314372408036,1.287165472584475,-0.997917534713817,-1.2856539370415243,-0.029455057041041233,0.4819023698251237,0.41265303171186707,0.09318149361992667,-0.5062916835762747,0.6614762022694207,1.5335844753268635,0.019835625241725108,-0.3283587898801139,1.4729780731695912,-1.0132000027326589,0.19690358734153413,1.0667669614222688,0.912505911680177,0.7785219241840613,0.5701726275628358,-0.15747530478032612,1
