,omega1,omega2,omega3,omega4,omega5,omega6,omega7,omega8,omega9,omega10,omega11,omega12,omega13,omega14,omega15,omega16,omega17,omega18,omega19,omega20,omega21,omega22,omega23,omega24,omega25,omega26,omega27,omega28,K
0,1.4634940215752454,-1.565846460658801,-0.24021749160917416,-0.15507477436192008,0.6847313436245313,-0.6677309853548637,-0.9493641097174855,-0.16368226440176237,0.427685381157932,0.09004538958549224,1.1773924258079957,-0.08554807541777376,-0.9264595401036936,0.44638754993316443,-0.34736198624846604,-1.4922532384951777,-0.3108764142816296,-1.222847891102184,0.43778652059668666,1.2671371989175877,0.7312486270074028,1.4369369173389939,-1.1215308386919558,1.0540413215821478,0.8278102593616343,-0.8160880118847422,-0.08299731516027276,-1.0273838337501688,1
