,omega1,omega2,omega3,omega4,omega5,omega6,omega7,omega8,omega9,omega10,omega11,omega12,omega13,omega14,omega15,omega16,omega17,omega18,omega19,omega20,omega21,omega22,omega23,omega24,omega25,omega26,omega27,omega28,omega29,K
0,-0.5991139601202411,0.07671410990420413,-0.35015278042916176,-0.34832597749247207,0.6632640197682051,0.5564634090939435,-1.2061085086194456,0.22189550778749423,0.8721870573854167,-1.469624036989682,0.7759543146558707,-1.5066541216456035,-0.22591562110913221,-0.37019260851806557,-1.507014827979956,-1.3370216379919027,0.5343577784658895,-0.7314599452430728,0.06002649538154703,-1.0594114059928352,0.36340800874335355,1.3667326343156625,0.79365760116232,-0.4187554628149708,1.438506104239122,-0.47056301566080294,-0.6961796331972685,-0.24451764631186834,1.5237545182408123,1
