,omega1,omega2,omega3,omega4,omega5,omega6,omega7,omega8,omega9,omega10,omega11,omega12,omega13,omega14,omega15,omega16,omega17,omega18,omega19,omega20,omega21,omega22,omega23,omega24,omega25,omega26,omega27,omega28,omega29,omega30,K
0,-0.3549239621466118,-0.6570730263387979,0.13493581935585008,0.42825822847141426,0.8126928403661102,0.6581455123677373,0.5425749331272742,-0.27706188523041986,-0.1939567419945709,1.5126045049272352,-0.01760909522110543,0.8193016197897096,-0.4424207111391476,-1.535234050456754,-0.34094361191581757,0.06875396162384773,-0.3173836612706178,-0.9117938486351601,-1.0640146737502012,-1.4147881437512642,0.6476824515537971,0.08691132665264578,0.9923926613841401,1.1420432419983086,0.7934518071433674,0.9244185041181656,1.265770932674669,1.3003905245805494,1.0057201775147524,1.2437888628319138,1
