,omega1,omega2,omega3,omega4,omega5,omega6,omega7,omega8,omega9,omega10,omega11,omega12,omega13,omega14,omega15,omega16,omega17,omega18,omega19,omega20,omega21,omega22,omega23,omega24,omega25,omega26,omega27,omega28,omega29,omega30,omega31,K
0,-0.4770505732306589,1.5598066679280462,1.234752087890632,0.982895770877867,1.0974565035925608,0.7741522614456393,0.2332942915939773,0.05683995272893494,1.3545734959639035,-0.6696324627791804,0.45501024736754436,1.3633859154476191,-0.7366900577849069,-1.0783084976094006,-0.5951078664917732,-0.18251373030298357,0.023699779280949684,-0.8379198896182617,-0.8108974496029399,-1.1105282798570997,-0.091778132610427,-1.1257494156700913,-0.4628756444396389,-1.0293156272390338,0.4179893129383814,0.37742668245208866,-0.8491109207709064,1.5683452317569824,-0.677648118208942,1.2777822732693793,-0.6292280073434435,1
