,omega1,omega2,omega3,omega4,omega5,omega6,omega7,omega8,omega9,omega10,omega11,omega12,omega13,omega14,omega15,omega16,omega17,omega18,omega19,omega20,omega21,omega22,omega23,omega24,omega25,omega26,omega27,omega28,omega29,omega30,omega31,omega32,K
0,0.19291474110820173,0.28301220585442133,0.24615132151948904,-0.5070551531711804,0.9137396945386902,0.3858004137918041,0.1905602339229331,-0.05666844115856606,-0.6808595702241726,-0.2893097989484221,0.7368869344933389,0.659300442114167,1.5549229495001535,0.7159197398506159,1.5453605815788838,-0.5397303164388199,-0.7012045982075208,1.5618346164520034,-0.23315498869116724,0.2513225891683004,1.1586789793702508,-1.1780104833143865,-1.1965662913470314,-0.10413844010159656,-0.9414285310386563,-1.377054535524135,0.666910383603561,0.159232815968829,-0.1426601966886869,0.43574924022539907,-0.6115385403409099,-0.32681510074964737,1
