,omega1,omega2,omega3,omega4,omega5,omega6,omega7,omega8,omega9,omega10,omega11,omega12,omega13,omega14,omega15,omega16,omega17,omega18,omega19,omega20,omega21,omega22,omega23,omega24,omega25,omega26,omega27,omega28,omega29,omega30,omega31,omega32,omega33,K
0,-0.5184130978564134,0.45283146194399215,-0.13049215795963853,0.24577838967628063,0.15417856850981226,0.21518852884234518,-1.428219427998888,0.8801961614242506,1.2839479150463542,-1.3522603336226187,0.7619547362518642,0.22324956342132074,0.756351897250978,-1.5201957559016657,-1.4609881116265409,0.14092397358041064,0.16996628724162366,-1.2404214753212626,0.8680618808581917,-1.2628200954236442,1.2330845051292356,0.9314387575602936,0.7029571248963085,1.1189067159524408,-0.6541398867317649,0.35052517440201303,-1.5007935560094292,0.7875192279003569,-1.0002492237737621,-1.4132126239183425,0.818303788519088,-1.3791563115483765,0.44997669334125456,1
