,omega1,omega2,omega3,omega4,omega5,omega6,omega7,omega8,omega9,omega10,omega11,omega12,omega13,omega14,omega15,omega16,omega17,omega18,omega19,omega20,omega21,omega22,omega23,omega24,omega25,omega26,omega27,omega28,omega29,omega30,omega31,omega32,omega33,omega34,K
0,1.4442805670196024,0.12685830190863312,0.1507538096087131,0.8183264892712869,0.7644149734351244,-0.0005832925327200478,-1.407977105001818,1.5223151718312091,0.7171107263730829,-0.06934494758412924,0.5262423387913624,-0.7818845218267129,-0.8394895619419059,-1.4485894274120215,-0.32363854025592165,0.2067907736318768,-1.2509918951163737,-0.9892437037560234,-0.34979860358804826,-1.569847672736578,0.9726358409438545,-1.0633335478069394,1.277277231339899,0.22029667211985715,-0.5945094448352912,-1.3463414345637577,0.408248929711613,-1.3856207754233685,-0.5233859357965998,1.5640339259535905,1.0329963365000006,0.6597040759894379,0.2639627421969517,0.3729607038606717,1
