,omega1,omega2,omega3,omega4,omega5,omega6,omega7,omega8,omega9,omega10,omega11,omega12,omega13,omega14,omega15,omega16,omega17,omega18,omega19,omega20,omega21,omega22,omega23,omega24,omega25,omega26,omega27,omega28,omega29,omega30,omega31,omega32,omega33,omega34,omega35,K
0,0.7690182544396347,1.1825926446964075,-1.2618842306790001,1.242682519794152,1.495652203138682,0.2604125000384834,-0.5308262205314207,-1.4063533358013018,-0.4897006994638575,-1.458247253906854,0.5578423680495468,0.2980488363325191,0.7260495849420554,1.1607668317428184,-0.5806533401022577,0.785228215386971,0.7520780226875199,0.18338708419329142,-1.3742903403005478,1.1461812633351927,0.15843802224115033,-0.1099522224740912,1.1072994622015915,-1.206252051371429,-1.4637278727878662,0.5197138128001195,0.6779918176304545,0.0931200787340618,0.1829991590617599,0.8539410685598647,1.0217058662393943,0.46539011221581816,0.7316339494781197,0.027975219729765133,-1.0514894140224111,1
