,omega1,omega2,omega3,omega4,omega5,omega6,omega7,omega8,omega9,omega10,omega11,omega12,omega13,omega14,omega15,omega16,omega17,omega18,omega19,omega20,omega21,omega22,omega23,omega24,omega25,omega26,omega27,omega28,omega29,omega30,omega31,omega32,omega33,omega34,omega35,omega36,K
0,0.941930314944841,-1.4211961548347796,-1.0416184085539113,0.22314746187248224,-0.41658194352278,1.2206891575767527,-0.6269550880714095,-0.0265488807552956,-0.9773980478315794,1.077062482942286,-0.43732903223611985,0.681556512997036,0.7402945548912436,-0.15774743701606475,-1.2097641442354596,1.4597722582898136,-1.456134177301545,1.02376839889184,-1.075381839457445,-0.22096374698487953,-0.17557908387349697,-0.23597955892238986,0.2797982444322775,0.5535916138451036,0.5586894325611103,-1.3632120139473536,-0.40548694283289466,-0.9752727841523999,1.4704042197106482,0.1267053700049352,1.538734870783502,-0.9097773527540531,0.5820399078129204,0.06431479487508618,-0.5348584889719115,-0.9717076144294142,1
