,omega1,omega2,omega3,omega4,omega5,omega6,omega7,omega8,omega9,omega10,omega11,omega12,omega13,omega14,omega15,omega16,omega17,omega18,omega19,omega20,omega21,omega22,omega23,omega24,omega25,omega26,omega27,omega28,omega29,omega30,omega31,omega32,omega33,omega34,omega35,omega36,omega37,K
0,0.3281894595938175,1.223603613953836,-0.019641685242922646,0.053874165970442256,1.3992380286164035,-0.7566688454380178,-0.4629062619396682,1.2013294928619587,-1.3198692662714477,-1.4549674281323384,0.5126878841228621,-0.0576063221121208,1.277672063590086,0.21876412557597824,-0.6970469909445421,0.510383952111042,-0.17430982520235627,0.40221166269288555,-0.951245966880748,-1.370249155832541,1.2875235006199208,1.076557574429069,-1.0980441067674067,-1.235559994575327,1.030846923985317,0.6551514536892138,-0.16127960698407007,1.0948960840238655,0.9962073000917631,1.016411761599552,1.3006405787098592,0.9714071730222233,-1.564434656426983,0.4397337634443179,-1.2743138216105268,1.2394730325290584,1.0164465249384742,1
