,omega1,omega2,omega3,omega4,omega5,omega6,omega7,omega8,omega9,omega10,omega11,omega12,omega13,omega14,omega15,omega16,omega17,omega18,omega19,omega20,omega21,omega22,omega23,omega24,omega25,omega26,omega27,omega28,omega29,omega30,omega31,omega32,omega33,omega34,omega35,omega36,omega37,omega38,K
0,0.3343172984249114,-0.19731014704788352,0.5883161496792022,-0.6393345998300092,0.5939986512844095,1.451075361590196,-1.4508884859166356,-0.3442565434046172,0.9614193227863836,-1.0057351065868527,-0.46644971405813873,0.9962364610111885,0.2246525094034173,-0.7461566033661168,-0.3122377296601153,-0.4254490394246404,0.02949603499565656,1.5488215862133279,-0.7914965487203638,-0.5567188132682441,1.2270563247771848,-0.03916117051113832,0.45890230264950604,1.154211676436875,-1.254457355400985,-1.013150852800293,-1.1248442991345928,-1.0149367778259315,-1.3739540040127916,-0.8271650807027393,1.3075860373471038,1.2548438635077135,0.5851316393278174,0.049296464922979455,0.7732387067957229,1.4327365474248177,-0.6828180978432672,0.7242842456462948,1
