,omega1,omega2,omega3,omega4,omega5,omega6,omega7,omega8,omega9,omega10,omega11,omega12,omega13,omega14,omega15,omega16,omega17,omega18,omega19,omega20,omega21,omega22,omega23,omega24,omega25,omega26,omega27,omega28,omega29,omega30,omega31,omega32,omega33,omega34,omega35,omega36,omega37,omega38,omega39,K
0,-1.1716188434202652,-0.37350193578528,0.08183163703957552,0.4000172304803238,-0.9200754012785864,-0.2783727868218442,-1.0461691610191428,-0.433061052758396,0.9549446619696824,-0.8170785614406972,-0.5366519957943134,0.3196692259197509,-0.9739347658163344,1.199504321690699,-0.5511205723749306,-0.6240536266441659,-0.567016411019845,-0.1449102017917363,-0.15878661499334346,-0.29882360864487767,-0.2673084135068604,-0.9599396339612236,-1.3663591922649916,1.1472218638818283,1.0521703617372844,0.7661377215077145,-0.04587515657790919,1.4551698716895545,-1.1631407315446185,-1.4095141133974256,1.3420698085283242,0.13502520321246347,0.12959842072734684,0.051771280843416534,0.6815304649696232,0.5120200211877011,0.7588015754902924,0.04299070587012155,0.9048550804739213,1
