,omega1,omega2,omega3,omega4,K
0,-1.1131628651058634,-0.14160099149403638,0.8506924145694703,0.6456388439514744,1
