,omega1,omega2,omega3,omega4,omega5,omega6,omega7,omega8,omega9,omega10,omega11,omega12,omega13,omega14,omega15,omega16,omega17,omega18,omega19,omega20,omega21,omega22,omega23,omega24,omega25,omega26,omega27,omega28,omega29,omega30,omega31,omega32,omega33,omega34,omega35,omega36,omega37,omega38,omega39,omega40,K
0,0.5136209305380954,1.0428522165236949,0.8623378253998517,-1.169021277681375,-0.17373863671300538,0.5392966973562912,0.6749188307425058,-0.17643251055360554,0.2927109819431635,1.2096523487252826,-0.8777005712394861,-0.7274603207757986,-0.6168305309135804,-1.106641380207483,0.3098688665990903,0.26506986523834297,1.528050040849457,0.09286194560087324,-0.8258610096807809,-1.2435068783250331,0.3035821319310532,-1.1222693626669986,-1.153413778147951,-0.11053836680062212,0.978952281647488,-0.6527384554960464,-0.7186755398368383,-1.4102519475228865,1.4591509114327943,0.9435566839306722,0.08349787978357037,-1.3336387706052035,1.4065113019214497,0.3283985829472458,0.6552188312087828,0.5238088245851431,0.17805772227664463,-0.28102086289741646,0.827616255387805,-1.2897348050997384,1
