,omega1,omega2,omega3,omega4,omega5,omega6,omega7,omega8,omega9,omega10,omega11,omega12,omega13,omega14,omega15,omega16,omega17,omega18,omega19,omega20,omega21,omega22,omega23,omega24,omega25,omega26,omega27,omega28,omega29,omega30,omega31,omega32,omega33,omega34,omega35,omega36,omega37,omega38,omega39,omega40,omega41,K
0,-0.7131710366412178,0.19575019836410057,-0.13000138547986073,0.010299519686105763,0.20239454060410744,-1.2297497925204284,-1.0376749267312002,-1.5564966126917261,0.5209932344847732,0.4452292456432456,-1.5092668266379656,-0.9640756625137074,-0.5429807207416018,0.9240730145660816,0.7681864353655223,-0.991603450630023,-0.13703412364743106,0.2548753748815362,0.9203088504376691,-0.9884757204538384,-0.9242478360723483,0.8466275624887265,0.6119014678245174,-0.6141666411061456,-0.7984149768671958,-0.16745901151098086,-1.4613143731844151,0.38942781163287377,0.9034753630697874,-0.8995283031216609,1.197001760893826,1.0878523539079423,-1.3989025795462506,0.8118608663583502,0.876329176463873,0.2987418012625782,-0.8593942907367947,-0.06320367754200285,1.416208791211397,0.3273731522117498,1.4484044215866687,1
