,omega1,omega2,omega3,omega4,omega5,omega6,omega7,omega8,omega9,omega10,omega11,omega12,omega13,omega14,omega15,omega16,omega17,omega18,omega19,omega20,omega21,omega22,omega23,omega24,omega25,omega26,omega27,omega28,omega29,omega30,omega31,omega32,omega33,omega34,omega35,omega36,omega37,omega38,omega39,omega40,omega41,omega42,K
0,0.996583609168769,0.3107002462880162,1.0066197509142736,-0.09084615824550824,-1.1320616202410785,0.15700659898919445,-0.9444554230338382,-0.6064531310264774,-1.2988314271674635,0.07816795718363867,0.8578289565663804,1.5670079634972232,0.8098180986612475,0.6784232577356111,0.823886193572176,-0.8410437162766441,0.35937797955720385,1.2945995564865482,0.4989438181064352,-0.3573242457950041,0.7232211372996926,1.199076653310903,-0.23964481612664446,-0.859976836436881,-0.4777907175400611,0.7156327275833569,-0.9284657346433154,-0.9074150366083014,1.4502429131825858,-1.4315059528548506,-1.2492441607744205,0.9575389210237297,0.5055712093586577,1.1939619762823277,1.3456462801950249,-1.0012566865773254,0.7397778590998234,-0.7237219520587614,0.5410982687486419,-1.4049021822151433,0.8383852119770747,-0.9208917840613309,1
