,omega1,omega2,omega3,omega4,omega5,omega6,omega7,omega8,omega9,omega10,omega11,omega12,omega13,omega14,omega15,omega16,omega17,omega18,omega19,omega20,omega21,omega22,omega23,omega24,omega25,omega26,omega27,omega28,omega29,omega30,omega31,omega32,omega33,omega34,omega35,omega36,omega37,omega38,omega39,omega40,omega41,omega42,omega43,K
0,0.4797002201816394,-0.1331274409329266,0.5021442810273573,-0.29676860357079793,-1.4960664799976668,-0.6171436284377706,-0.7681106769105432,1.565037478322738,-1.428605782310331,0.8507401702594652,-1.1496479950306369,-0.5318939043385416,0.657079703180127,0.19015204337600955,-1.4699531089330546,-0.6797840995589155,-0.6353781524946949,0.45619227390928563,0.038495784640955266,-0.13718363531964406,-1.5282275130790468,-0.18837253270912635,-0.12105819611409596,-1.123179032647266,0.19998331502416322,-1.1193206896475392,-0.3688344805658119,-1.1713662477944833,-0.4452694158631152,-1.2955664272773815,0.20607310164200854,0.31077770889897116,1.3869448040721002,-0.6034635446227845,-1.209643600459221,-0.3003896718953618,0.7440556639382061,-0.8262998774487808,1.4290251742455604,-0.7638981145302888,0.4440370228199444,-1.230330996882389,0.24737185125687655,1
