,omega1,omega2,omega3,omega4,omega5,omega6,omega7,omega8,omega9,omega10,omega11,omega12,omega13,omega14,omega15,omega16,omega17,omega18,omega19,omega20,omega21,omega22,omega23,omega24,omega25,omega26,omega27,omega28,omega29,omega30,omega31,omega32,omega33,omega34,omega35,omega36,omega37,omega38,omega39,omega40,omega41,omega42,omega43,omega44,K
0,0.8444186185422273,0.006275822524351771,-0.6807657661676532,0.21574415076088727,1.5460864022954022,-0.7398330805219535,0.7609336483310516,0.12328940596382187,1.5309060405568786,-0.7090526102459004,1.092076356912787,-1.4752890754643926,1.3812475984097867,-1.4148510930748663,-0.5392588028941823,-0.8605864555441052,-0.6916150571194702,1.1988914817607421,-0.9086620815242423,0.25800556174631195,0.31786570768564615,-1.3864208509562226,0.8317927017249902,1.465447049673962,0.060357304190929995,-0.9424400788750794,-0.6226087193822041,0.23733422218488398,1.4577864079715162,0.7789207738325392,-0.670722033110675,-1.1281697758542975,0.7300842343603056,-0.025565963321489305,-0.5618849197058673,0.9899109242997279,-0.5987535265405338,0.8281083243139027,0.8373863780537101,0.9059285437389213,-0.7975565081256233,-0.027866011856929607,1.227594466171801,-0.6807753431037232,1
