,omega1,omega2,omega3,omega4,omega5,omega6,omega7,omega8,omega9,omega10,omega11,omega12,omega13,omega14,omega15,omega16,omega17,omega18,omega19,omega20,omega21,omega22,omega23,omega24,omega25,omega26,omega27,omega28,omega29,omega30,omega31,omega32,omega33,omega34,omega35,omega36,omega37,omega38,omega39,omega40,omega41,omega42,omega43,omega44,omega45,K
0,-1.2858468262171932,-1.3964019007026292,0.417607034387119,-0.04357113474639496,0.691299246243684,1.351706021250899,0.24235909111581755,-0.23263596539193343,1.2022810699372686,0.5906058466620907,-1.3913507679228774,-0.7237919120532214,0.3371715342314212,-0.8743107503400258,1.5545997536419276,-1.4172084952832846,1.2564920283106886,1.370414182298898,-0.361788004693014,-0.4274115723758307,0.2392626187725797,-0.7909981892097782,1.5526117133331692,0.45597821773877856,0.04807805849361024,-0.733066424935443,0.25713612619791193,0.3392785073573197,0.7262002262901417,0.7137521849692452,0.7295827541082112,-1.3000535574455445,-0.06329947595915053,-0.3429544952693273,0.9191038914468117,-0.8636971264558462,-0.5718185549594733,-0.6905934021212377,-0.5788061143074835,1.374846929128788,1.208415198906549,1.5017089047597052,-0.4729179358965707,-0.17971934713451976,-1.4064062444054186,1
