,omega1,omega2,omega3,omega4,omega5,omega6,omega7,omega8,omega9,omega10,omega11,omega12,omega13,omega14,omega15,omega16,omega17,omega18,omega19,omega20,omega21,omega22,omega23,omega24,omega25,omega26,omega27,omega28,omega29,omega30,omega31,omega32,omega33,omega34,omega35,omega36,omega37,omega38,omega39,omega40,omega41,omega42,omega43,omega44,omega45,omega46,K
0,0.41323251626346913,-0.16028529124713398,-0.41900719949561016,1.1766161248943994,1.5687732475904315,0.563038866469745,0.7779726293310847,0.604782095080119,0.9575541502793206,0.2272532223014927,1.4022331167985849,-0.977054198429899,0.4622571217422853,-0.05802979825229038,-0.5700572480948942,0.604880668238235,-1.4280677266375503,1.2712184346947129,0.9249973886657767,-1.0915386926247224,1.2171803572748718,-0.484439471904738,0.7125279912029829,-1.4285692991921244,0.9752455523516397,0.7939635941570553,-0.28936138649064413,-0.37863549664163276,0.01605591144779006,-1.2131187609819496,1.5101851064531155,0.020812284029048778,0.37789210307166066,0.21357901858313655,-1.042695620735595,0.6383300306847657,1.4421050018466839,1.5507326170751914,-0.18899552959453847,-0.1541430631859324,1.5436635284505806,0.9137114315931991,0.5563947346029066,0.5638194160743164,1.164650412868765,-0.5906104975226489,1
