,omega1,omega2,omega3,omega4,omega5,omega6,omega7,omega8,omega9,omega10,omega11,omega12,omega13,omega14,omega15,omega16,omega17,omega18,omega19,omega20,omega21,omega22,omega23,omega24,omega25,omega26,omega27,omega28,omega29,omega30,omega31,omega32,omega33,omega34,omega35,omega36,omega37,omega38,omega39,omega40,omega41,omega42,omega43,omega44,omega45,omega46,omega47,K
0,-0.4818167028695113,-0.5137141486898726,-0.9724039100155364,0.3058665671250256,-1.54022180939662,0.3684920052013383,-0.6563055694383785,-0.2803204596105402,-1.1015565457217045,1.037881014716401,-0.9292764882596636,-1.4392605308574276,0.9660503643238849,-1.4473061466713673,-0.6387555392418667,1.5635113461285068,-1.0485607302718154,0.11580790954489006,0.6603973056438597,0.18451982195438976,0.08087541588042035,0.8259676864122434,-1.4123640283615073,-0.5676269975620005,-1.0135915001193956,1.5245428118655098,1.2513325928252712,-0.9200375161952008,0.14873103557122658,0.7328783653665636,0.130026710736735,0.7828556542129559,0.8483611956383146,-1.393301602494433,-1.2159771802670032,-0.8730770294585036,-0.8959150924984745,-1.2166899336053034,-0.6528284315355669,-0.2031039315854799,-0.2031835894755154,-1.0546794407796103,0.17859660128709742,0.3988160954762865,-0.7126259660886065,1.52698355398464,0.5268946171974305,1
