,omega1,omega2,omega3,omega4,omega5,omega6,omega7,omega8,omega9,omega10,omega11,omega12,omega13,omega14,omega15,omega16,omega17,omega18,omega19,omega20,omega21,omega22,omega23,omega24,omega25,omega26,omega27,omega28,omega29,omega30,omega31,omega32,omega33,omega34,omega35,omega36,omega37,omega38,omega39,omega40,omega41,omega42,omega43,omega44,omega45,omega46,omega47,omega48,K
0,1.4053652687019698,-0.041714355536143666,0.808635686469545,0.4385761542329085,1.265592978960402,-0.5954652174475599,-0.2992813517238453,1.319033499808774,-0.7844167886368344,-0.24421679644653094,-0.7513604382602682,-1.427714790906653,1.4328654186336691,-1.5460297517231223,0.16593388465726355,0.12496740452940647,1.1406314899629044,1.532891892283324,0.6845660223288736,-0.0043031853238744144,1.2647920842421723,-0.9456503544524636,0.42870703548473177,-0.5906503080302562,1.343783727571822,-1.372849487620995,0.3067246729917945,-0.7252360991967132,1.4108205014322492,-1.0098087335971493,0.7113406020573296,-1.5451577710520181,-0.8090736975384655,-0.40885274073503064,0.4312394793893479,0.9005301259270952,-0.14929677181328227,-1.1438573027036654,-0.52376892566634,-1.1870496059017586,1.1096777104438216,-0.2183830808143865,-0.1255597821433463,0.6841410747235335,0.4283231181345435,0.0039993512124605335,-0.30486449658809,0.29455127199053344,1
