,omega1,omega2,omega3,omega4,omega5,omega6,omega7,omega8,omega9,omega10,omega11,omega12,omega13,omega14,omega15,omega16,omega17,omega18,omega19,omega20,omega21,omega22,omega23,omega24,omega25,omega26,omega27,omega28,omega29,omega30,omega31,omega32,omega33,omega34,omega35,omega36,omega37,omega38,omega39,omega40,omega41,omega42,omega43,omega44,omega45,omega46,omega47,omega48,omega49,K
0,-1.4432490601838839,0.7019528029840791,-0.6953235267986605,-0.6263154727254105,-1.3721313703659062,1.4563282334809107,-0.19335159735917617,-1.4628497206122175,1.543317030896036,0.9309751684841152,0.9974826097021436,-1.1638211705658286,-0.8803933208161987,0.7838726861173257,0.19772238818928956,0.7357760179553003,0.6334002203826876,0.5384015528228683,1.245649770573011,1.161036335941473,0.45524046478893476,-1.1428064828758224,0.08349396097385386,0.01641492198707928,-0.20035124212131694,1.3875777846054071,0.10439803229803002,1.154606596326286,1.2254874463527332,0.900462823471686,-1.317161349195641,0.36511822185510323,-0.4557641010185127,0.7435217454512477,-1.2410353136516452,-1.5495448256647253,0.6090335625457022,0.4849580899441035,0.4634085747715795,-1.2438880834087858,0.49624070742814785,1.2361069659184598,1.1324644944136635,0.13214892422582958,-0.4726403750731969,1.2234697871097895,1.3779863248851627,0.9071501761609877,-0.13560711291607563,1
