,omega1,omega2,omega3,omega4,omega5,K
0,0.7287206056155093,-0.2088705629023655,0.9425420640570281,0.10336284253381378,-1.318986022881742,1
