,omega1,omega2,omega3,omega4,omega5,omega6,omega7,omega8,omega9,omega10,omega11,omega12,omega13,omega14,omega15,omega16,omega17,omega18,omega19,omega20,omega21,omega22,omega23,omega24,omega25,omega26,omega27,omega28,omega29,omega30,omega31,omega32,omega33,omega34,omega35,omega36,omega37,omega38,omega39,omega40,omega41,omega42,omega43,omega44,omega45,omega46,omega47,omega48,omega49,omega50,K
0,-1.2575004900594497,-0.2641628677025656,0.7892020428565103,-0.8915307960875971,-0.4051415896393764,-0.5117333247158613,0.8839041519787352,-0.5803752268043687,0.2079987503740497,-0.7178442886086867,1.3979271433358602,-0.9346328538122242,1.0611414589543422,-0.33810421484170505,0.7187896699332095,1.3872017164513006,-1.2625060610884147,-0.9122354923191178,-0.9599328326416006,-0.9428845257837615,0.7824117239964599,-0.674257198876162,0.12089857108914104,-1.1700046589600512,0.04134300346661712,-0.6408612035439666,0.702877397617724,-0.4243829567715687,-1.2444928106507027,-0.056275047181033155,-0.7950576100282213,-1.5363114704772103,-0.11880234111526167,0.35178510876125024,0.8102893017117743,0.7115916415208794,-1.465410239823758,-0.3078066356873248,-0.5266726729730826,1.1079723920341222,0.47437333372503376,-0.8338553761921835,0.20829487953329084,0.9963044281115332,0.5475396321962802,0.4170825008458714,0.2140289492749956,1.5392456601941906,1.2113088589001988,-0.2112715471483737,1
