,omega1,omega2,omega3,omega4,omega5,omega6,omega7,omega8,omega9,omega10,omega11,omega12,omega13,omega14,omega15,omega16,omega17,omega18,omega19,omega20,omega21,omega22,omega23,omega24,omega25,omega26,omega27,omega28,omega29,omega30,omega31,omega32,omega33,omega34,omega35,omega36,omega37,omega38,omega39,omega40,omega41,omega42,omega43,omega44,omega45,omega46,omega47,omega48,omega49,omega50,omega51,K
0,1.4631626884878042,1.0925693360950657,-0.3237362255201439,-0.18903125549585553,-1.4703952168458556,1.0130022208821692,-1.2361944808660748,-0.5441609909621541,1.2486854984850946,1.328248440724673,-0.9436096425196799,0.14375716026321728,-0.4925744761020159,0.6896481587232257,-0.058870431761679054,0.4688704848832246,0.6155234382133168,1.5343841779844203,-0.5167356861536769,-1.5512529848852237,-0.661588987569469,-1.5198547446613084,-1.374407118419891,-1.4685914780011264,-0.8077007907857701,0.28448284488431796,-1.2214856812521278,-0.21883365947386446,0.8970759710532623,0.1675238426711625,-0.41544689565991333,0.7036607974511973,1.2470217352623147,1.3047571944263328,-0.28507381027044554,0.7771260484234657,0.678173874838822,-0.5677514821459106,-0.9604696193438235,0.5734911056233276,-1.4394887396828056,-1.4664526812932128,1.5592322599312367,0.11915851926493737,-0.35815210502112227,-0.029223510972815614,-0.9458604741466108,-1.0643649397934634,-0.31642669048662153,0.7404111953846879,1.1511294876282587,1
