,omega1,omega2,omega3,omega4,omega5,omega6,omega7,omega8,omega9,omega10,omega11,omega12,omega13,omega14,omega15,omega16,omega17,omega18,omega19,omega20,omega21,omega22,omega23,omega24,omega25,omega26,omega27,omega28,omega29,omega30,omega31,omega32,omega33,omega34,omega35,omega36,omega37,omega38,omega39,omega40,omega41,omega42,omega43,omega44,omega45,omega46,omega47,omega48,omega49,omega50,omega51,omega52,K
0,-1.4366185572327619,-0.4574072647711376,0.8424501216383056,0.07079782364552534,1.2412300921684585,-0.3203181154396897,0.5422187324087431,1.1512358733056502,0.012117595251317947,-1.1886362100846553,-1.4146957093397174,-1.1848521068113465,0.28264716463102135,1.4122829082199013,-1.0045772718779276,-0.2644076674488065,-1.4044524959458504,-0.7078344221447043,-0.7755474949274782,-1.5335981964421492,0.6139491576101661,0.9331358883183216,-0.5509653018164637,1.2632589249295445,1.30273197533816,1.1116645889200623,0.3952521752074254,-0.6152094534703528,0.9071541886998387,-0.5033617710279537,1.5280909667574627,1.2727229001282212,-0.7113741434065145,1.186182139975939,-1.2759282114236434,-0.6473779615030654,-0.4050018387616692,1.2197123183312826,0.703117384487459,0.5217318756460165,0.773255326360903,-0.04537245373075227,-0.6778635116429559,-1.1207143324218594,0.8255651799992316,-0.37687447554397324,-0.2574281239673202,-0.9265503436112146,1.5158619501761619,-0.9619685766331264,-1.522705315525131,-0.5034625151953469,1
