,omega1,omega2,omega3,omega4,omega5,omega6,omega7,omega8,omega9,omega10,omega11,omega12,omega13,omega14,omega15,omega16,omega17,omega18,omega19,omega20,omega21,omega22,omega23,omega24,omega25,omega26,omega27,omega28,omega29,omega30,omega31,omega32,omega33,omega34,omega35,omega36,omega37,omega38,omega39,omega40,omega41,omega42,omega43,omega44,omega45,omega46,omega47,omega48,omega49,omega50,omega51,omega52,omega53,K
0,-0.8042947074581489,-0.674360610465459,-1.37382624416088,1.0700511564193667,-0.14295052513779005,0.8242552517595971,0.4472124344271622,-1.3598110242574883,1.0459999874198789,-0.6551556391077349,0.926818838299551,-0.3605167138264187,-0.5767371275202883,-1.4089506341382836,-1.2760770014524563,-1.1429079297504492,0.07212032047121575,1.118572787019378,-1.3063209230611494,1.1578511745379294,-0.5178980253472845,1.1735063525494738,-0.5644648567458239,-1.0606440248140958,-0.9407971558078185,1.2448130180660506,1.0022629064938529,-1.40639399782017,-0.07327911891419903,0.47316508084940345,0.022568334403791024,0.20617110782603,0.38595911328950816,-1.1943537329060714,-1.2605511542755727,-1.512951139587879,-1.4299975005893706,-0.4655865992993202,-0.12412632778694754,-0.9937632682525708,0.4591605388451656,0.18993561963411865,0.0973691249087627,0.7597937041876377,1.57038407616909,-1.1399676340209934,1.401429884041686,-0.6207239259172019,0.45276013873959187,-0.3073134571348839,1.357798675590209,1.3639957926186521,-1.075991337304318,1
