,omega1,omega2,omega3,omega4,omega5,omega6,omega7,omega8,omega9,omega10,omega11,omega12,omega13,omega14,omega15,omega16,omega17,omega18,omega19,omega20,omega21,omega22,omega23,omega24,omega25,omega26,omega27,omega28,omega29,omega30,omega31,omega32,omega33,omega34,omega35,omega36,omega37,omega38,omega39,omega40,omega41,omega42,omega43,omega44,omega45,omega46,omega47,omega48,omega49,omega50,omega51,omega52,omega53,omega54,K
0,-1.46101936459477,0.11580754173606089,-0.3434006249366204,0.6621497225832242,0.5848028888750809,1.0296646576306463,0.6483181271533351,0.5132838884469306,-1.4346749827741245,-0.020779107258468876,0.7282549807397101,0.4889298857593509,0.7929058924987875,0.2523731124791986,1.428596610786216,0.5294993484835002,1.4208079211489264,1.1552565451463068,-1.3055790109952885,1.3153408716856334,-1.1458603678004526,0.4434415984678841,1.2445411052211295,-0.718460587281495,0.4662138175539754,0.17917382214461464,1.024449836544297,0.9232957971199385,-0.9034956581189123,-1.1235876294335496,0.9368235464386689,-1.2100226439413697,1.2170420587781279,-1.5513405816791874,0.08191932305218597,0.9095977599931935,-1.242082110323856,-0.13218427756122986,0.06447734127283233,-0.5429100185373215,0.24283650399749268,-0.9815079838660492,-1.3463204964485105,-0.9615909729874892,0.8008714630098686,1.1658573070899307,-0.7395685951223933,-1.4065360548172978,-0.41443384261323546,0.43389978070095747,1.5547570870235012,-0.45895082213467253,-0.1307440656531882,0.8919525200148644,1
