,omega1,omega2,omega3,omega4,omega5,omega6,omega7,omega8,omega9,omega10,omega11,omega12,omega13,omega14,omega15,omega16,omega17,omega18,omega19,omega20,omega21,omega22,omega23,omega24,omega25,omega26,omega27,omega28,omega29,omega30,omega31,omega32,omega33,omega34,omega35,omega36,omega37,omega38,omega39,omega40,omega41,omega42,omega43,omega44,omega45,omega46,omega47,omega48,omega49,omega50,omega51,omega52,omega53,omega54,omega55,K
0,-1.202162839679358,1.2900179844736899,1.359763606247208,1.098550449620617,-0.32964203987491514,0.8283726814918357,0.5263123228546527,0.8973321919398756,-0.6331836399459687,1.1309785604615477,0.7440287544944839,-0.15420300918707186,0.8686025552959982,-0.41680570630668856,1.174707091153837,1.0014116482996602,0.4343616798456562,0.28245593501730615,-0.06903669449121708,0.4808357956929572,0.053744217622010204,-0.32472440312561535,-0.8185803019981538,0.1504861083933764,0.1506838713891714,-0.13260248144338016,-1.5696773861255107,-1.4668778879240045,1.251922850466502,1.378765117400608,-0.5730598066626483,1.073484886126221,0.6217567745488433,-1.1476707016873124,-0.27050298585775523,-1.3393645281174507,-0.4828673714197562,0.3166003091070564,0.7099094480105093,1.1335139164889179,0.3269099893273095,1.4364897948873852,-0.2681916339672674,0.24691104351426407,1.0980213226407667,-0.7344780244926166,1.5500447545049738,-1.2233680174623227,0.47855465964136457,0.06096973820394491,0.926053594444828,-0.22249022614078284,-0.5764850716780386,0.019893003511843643,-1.511237919382594,1
