,omega1,omega2,omega3,omega4,omega5,omega6,omega7,omega8,omega9,omega10,omega11,omega12,omega13,omega14,omega15,omega16,omega17,omega18,omega19,omega20,omega21,omega22,omega23,omega24,omega25,omega26,omega27,omega28,omega29,omega30,omega31,omega32,omega33,omega34,omega35,omega36,omega37,omega38,omega39,omega40,omega41,omega42,omega43,omega44,omega45,omega46,omega47,omega48,omega49,omega50,omega51,omega52,omega53,omega54,omega55,omega56,K
0,1.2433031119720779,0.9864558566176824,0.813523799457962,-0.06926457790837781,-1.0861231121324497,1.46924982852433,-1.3396615502340954,1.0062835449798326,0.4228009393808445,-0.4680358389988193,1.2726768701010682,0.4080050532586015,-1.5164724293759175,1.3188010209580883,1.3930490624924468,0.5254019678981172,-0.8105803402013368,-0.731635769341056,-0.5356337265119218,-0.9512027005786644,-0.2981702749773858,-1.2883358304639005,0.3768149651934065,1.0227211759341692,-0.5933523789650625,-0.8966392735462022,1.331468201317838,-1.1431246386600697,-0.2657134121385458,-0.13501103686676408,-1.404539454416316,0.6649768608861151,0.3690660740032343,0.8914968269864803,-0.6604162338368786,1.1488170980952832,0.5127665139530277,0.7616481012904246,-0.011474396238804863,0.47233289103760745,-0.057090072354517574,-0.42867997862248686,1.560802414143831,-0.7505856571282827,-0.7359792379772744,-1.0647635584037802,-1.4214260158362977,-0.7224907869893593,1.4174755403351975,-0.8469901608216912,1.0844580699052337,0.3458162761704129,-0.4587026188739922,-0.4212678308681661,0.3030418058301865,-0.35129702213877256,1
