,omega1,omega2,omega3,omega4,omega5,omega6,omega7,omega8,omega9,omega10,omega11,omega12,omega13,omega14,omega15,omega16,omega17,omega18,omega19,omega20,omega21,omega22,omega23,omega24,omega25,omega26,omega27,omega28,omega29,omega30,omega31,omega32,omega33,omega34,omega35,omega36,omega37,omega38,omega39,omega40,omega41,omega42,omega43,omega44,omega45,omega46,omega47,omega48,omega49,omega50,omega51,omega52,omega53,omega54,omega55,omega56,omega57,K
0,1.5516838672479247,0.4000128290139733,-1.4582183467044452,-1.0851304711289758,1.1673094815025769,-1.4189378479715926,-1.1744828210411677,-0.26882565066699393,1.3411549972683772,-0.4818067027399029,-0.38829358678068693,0.8846989351475236,0.5114916956879898,0.8683804148751753,-0.552963834889505,-0.9120172220853997,1.0455293830800119,-0.7926272801595854,0.7316096947965578,0.9848682038538366,-0.5657461905297088,0.14466823754328573,-0.7615694775306121,0.3519706886227043,-1.302129070498818,-0.48250484711832886,0.28603208794979884,0.5670826573341636,0.2583896384090314,0.24736836015986885,0.3019737390835857,-1.4708183688244651,0.9673033357369247,1.5425252114932877,0.7011885160564155,1.2448886404815669,1.4432523074583075,-0.9388174654322874,-0.6922115495740387,1.2477919918176337,-1.5586177348212906,-0.34796545204111684,-0.72279029572741,-0.18931816545421154,-0.46170110460390745,-0.23124069090491983,1.0574993452561796,0.6073220258377594,0.704159243213407,1.2234598438472064,0.24812495919605637,-1.2735489998949887,0.15743319876028128,0.6034611066381941,-1.4993188129904103,-0.7197974943818674,1.1519415433311817,1
