,omega1,omega2,omega3,omega4,omega5,omega6,omega7,omega8,omega9,omega10,omega11,omega12,omega13,omega14,omega15,omega16,omega17,omega18,omega19,omega20,omega21,omega22,omega23,omega24,omega25,omega26,omega27,omega28,omega29,omega30,omega31,omega32,omega33,omega34,omega35,omega36,omega37,omega38,omega39,omega40,omega41,omega42,omega43,omega44,omega45,omega46,omega47,omega48,omega49,omega50,omega51,omega52,omega53,omega54,omega55,omega56,omega57,omega58,K
0,0.16885708924831078,-0.8781659610114076,-0.5728239674395693,0.02920908244457343,1.2062233713799744,-1.404646519547935,-0.005362467516300429,-0.9340160438642914,-1.1432774109536294,-1.4754266701803396,0.04250199734428306,-0.3388524864334588,1.0675748474185571,-1.2581518563342164,-1.1061822550942464,-0.8522014870937107,-0.06177886877970362,-0.32037485110774866,0.19423867473182854,0.8213905747988566,1.093670402102846,0.3617738949845357,0.6882987230449991,0.9392575287335587,0.3965188730937004,1.356748121778784,0.4097934708114128,1.4292384583446616,-0.0532276672781169,-0.8052136866779638,1.1469030230987722,-0.29150222858954056,-0.3840890911455812,0.13339160520030569,0.44446795054850385,-0.042312993109152375,0.7441199748621594,-0.1758798813144451,1.0398056172917642,-0.8756904747504194,-0.9404601560971578,1.3727585783377712,-0.5184839952519302,-0.7226406880551379,-0.19359676547914328,-1.5482137608257487,-1.0469100142854204,-0.7201629984686395,1.4352868170297044,0.035416994641780386,0.05470463995856112,-1.4154838066252393,-0.09749370694806347,0.25701493400569864,0.21889648378196025,-1.2380325179816285,1.1328453249780437,0.5815632297423985,1
