,omega1,omega2,omega3,omega4,omega5,omega6,omega7,omega8,omega9,omega10,omega11,omega12,omega13,omega14,omega15,omega16,omega17,omega18,omega19,omega20,omega21,omega22,omega23,omega24,omega25,omega26,omega27,omega28,omega29,omega30,omega31,omega32,omega33,omega34,omega35,omega36,omega37,omega38,omega39,omega40,omega41,omega42,omega43,omega44,omega45,omega46,omega47,omega48,omega49,omega50,omega51,omega52,omega53,omega54,omega55,omega56,omega57,omega58,omega59,K
0,1.0037163301164083,-0.8178979130993311,0.8941533383566114,-1.2027613591087791,-1.065897815274754,0.06905286425064139,-1.5488289112362048,0.8496249852205153,-0.8465673740893507,0.6262476060437128,0.49279838209315807,1.3889740707142533,-0.760762564073655,1.5354768764654843,0.11817090387403639,-1.4856968398167683,1.4127871715174507,0.277108927481994,1.2682638884394764,0.26669932754398284,0.7153414415164856,-0.02328907006193126,1.2918726877415678,0.9007647136757266,0.15878966360715663,0.37614779445766144,-0.8156964908063397,-0.8662004217807774,1.365247436046774,-0.5960456502943458,-0.8645649519769342,-0.6771497349914349,-0.527209574112423,0.8736276373178593,0.3446380107771707,0.4761249993592984,1.3248820207796963,0.17543232559035493,0.37703749213924764,0.018262015449809876,-0.17340312911638578,1.1652217850222244,-0.056861831530530926,0.7933514460179492,1.3843629314847483,0.6679791815872731,0.38233931822899736,0.24421731908454536,-1.149069259711402,-0.5577626737523138,1.3913142231117224,1.1764221893621518,0.4915079663383035,-0.5027306437418959,0.5966127725944985,-1.1930963856444348,0.40002776361772274,1.3984957814831205,1.4519295806785748,1
