,omega1,omega2,omega3,omega4,omega5,omega6,K
0,-0.1384000960340772,-1.4203532568856834,1.3601914953563834,1.4045369792404219,-0.5172607927261241,-0.5987689328314411,1
