,omega1,omega2,omega3,omega4,omega5,omega6,omega7,K
0,0.8420038471262812,-0.9303213128987096,-1.010145304944608,-0.9783079299199354,-0.4806496845556465,0.3968511336775127,1.4555494623668292,1
