,omega1,omega2,omega3,omega4,omega5,omega6,omega7,omega8,K
0,-0.9084418061278395,1.4328824391376291,0.1740431830919682,1.2602563112217284,0.9990836199596016,-1.0668163471020666,0.466661308894456,-1.180945788138385,1
