,omega1,omega2,omega3,omega4,omega5,omega6,omega7,omega8,omega9,K
0,-1.5530617664283366,-0.32824559944054665,0.8592277966850923,0.20784056720967437,-0.9655978571631882,1.0718319765443307,1.2999182878357582,-0.825531811869553,-0.16275811423529585,1
